Timestamp,User Count,Type,Name,Requests/s,Failures/s,50%,66%,75%,80%,90%,95%,98%,99%,99.9%,99.99%,100%,Total Request Count,Total Failure Count,Total Median Response Time,Total Average Response Time,Total Min Response Time,Total Max Response Time,Total Average Content Size
1764181956,0,,Aggregated,0.000000,0.000000,N/A,N/A,N/A,N/A,N/A,N/A,N/A,N/A,N/A,N/A,N/A,0,0,0,0.0,0,0,0
1764181957,5,,Aggregated,0.000000,0.000000,N/A,N/A,N/A,N/A,N/A,N/A,N/A,N/A,N/A,N/A,N/A,0,0,0,0.0,0,0,0
1764181958,10,,Aggregated,0.000000,0.000000,N/A,N/A,N/A,N/A,N/A,N/A,N/A,N/A,N/A,N/A,N/A,0,0,0,0.0,0,0,0
1764181959,15,,Aggregated,0.000000,0.000000,2100,2500,2500,2500,2500,2500,2500,2500,2500,2500,2500,5,0,2100.0,2233.625219995156,2040.115499868989,2517.3776000738144,198.2
1764181960,20,,Aggregated,0.000000,0.000000,2400,2400,2500,2500,2500,2500,2500,2500,2500,2500,2500,12,0,2100.0,1942.11135833757,4.24289982765913,2517.3776000738144,265.6666666666667
1764181961,25,,Aggregated,1.000000,0.000000,2100,2400,2400,2400,2500,2500,2500,2500,2500,2500,2500,21,0,2100.0,1686.0312333197467,4.24289982765913,2517.3776000738144,261.2857142857143
1764181962,30,,Aggregated,3.000000,0.000000,2100,2400,2400,2400,2500,2500,2500,2500,2500,2500,2500,29,0,2100.0,1639.2830034380715,4.24289982765913,2517.3776000738144,279.41379310344826
1764181963,35,,Aggregated,3.600000,0.000000,2100,2400,2400,2400,2500,2500,2500,2500,2500,2500,2500,42,0,2100.0,1493.6303190410226,4.24289982765913,2536.0550000332296,305.0952380952381
1764181964,40,,Aggregated,4.666667,0.000000,2000,2300,2400,2400,2500,2500,2500,2500,2500,2500,2500,57,0,2000.0,1373.1559842065174,4.24289982765913,2536.0550000332296,315.70175438596493
1764181965,45,,Aggregated,5.142857,0.000000,440,2100,2400,2400,2500,2500,2500,2500,2500,2500,2500,77,0,440.0,1235.927441553515,4.24289982765913,2536.0550000332296,323.4155844155844
1764181966,50,,Aggregated,6.625000,0.000000,430,2100,2400,2400,2500,2500,2500,2500,2500,2500,2500,93,0,430.0,1179.269939778693,4.24289982765913,2536.0550000332296,327.98924731182797
1764181967,50,,Aggregated,7.111111,0.000000,410,2000,2300,2400,2400,2500,2500,2500,2500,2500,2500,121,0,410.0,1052.665371896145,4.24289982765913,2536.0550000332296,336.88429752066116
1764181968,50,,Aggregated,8.700000,0.000000,400,2000,2100,2400,2400,2500,2500,2500,2500,2500,2500,144,0,390.0,1003.4994388810851,4.24289982765913,2536.0550000332296,342.3333333333333
1764181969,50,,Aggregated,10.800000,0.000000,370,460,2100,2300,2400,2500,2500,2500,2500,2500,2500,155,0,370.0,947.6388193486679,3.5333000123500824,2536.0550000332296,338.2774193548387
1764181970,50,,Aggregated,13.400000,0.000000,350,420,2000,2100,2400,2500,2500,2500,2500,2500,2500,177,0,350.0,857.4778644044458,2.712199930101633,2536.0550000332296,333.7570621468927
1764181971,50,,Aggregated,14.500000,0.000000,350,420,2000,2100,2400,2500,2500,2500,2500,2500,2500,190,0,350.0,819.0466931543166,2.712199930101633,2536.0550000332296,333.77894736842103
1764181972,50,,Aggregated,15.500000,0.000000,350,410,2000,2100,2400,2500,2500,2500,2500,2500,2500,199,0,350.0,788.2331341666511,2.712199930101633,2536.0550000332296,326.53768844221105
1764181973,50,,Aggregated,16.800000,0.000000,350,410,460,2100,2400,2500,2500,2500,2500,2500,2500,207,0,350.0,768.715105789988,2.712199930101633,2536.0550000332296,326.55555555555554
1764181974,50,,Aggregated,16.300000,0.000000,350,410,840,2100,2400,2500,2500,5400,5400,5400,5400,216,0,350.0,819.9317023067529,2.712199930101633,5386.428300058469,328.7037037037037
1764181975,50,,Aggregated,16.900000,0.000000,350,410,2000,2100,2400,2500,5300,5400,5400,5400,5400,222,0,350.0,871.1092842287627,2.712199930101633,5386.428300058469,327.8288288288288
1764181976,50,,Aggregated,15.800000,0.000000,350,410,2000,2100,2400,2500,5400,5400,5400,5400,5400,233,0,350.0,950.5916995649893,2.712199930101633,5444.2829000763595,328.9742489270386
1764181977,50,,Aggregated,15.500000,0.000000,350,410,2000,2100,2400,5300,5400,5400,5400,5400,5400,239,0,350.0,952.1175217512746,2.657199976965785,5444.2829000763595,326.6150627615063
1764181978,50,,Aggregated,13.900000,0.000000,350,410,2000,2300,2500,5300,5400,5400,5400,5400,5400,252,0,350.0,993.1702813427407,2.552600111812353,5444.2829000763595,324.07936507936506
1764181979,50,,Aggregated,13.000000,0.000000,350,430,2100,2400,2500,5400,5400,10000,10000,10000,10000,264,3,350.0,1206.8430552987566,2.552600111812353,10244.671799940988,325.1969696969697
1764181980,50,,Aggregated,10.800000,0.000000,350,420,2100,2400,5300,5400,5400,10000,10000,10000,10000,277,4,350.0,1214.0721209357334,2.552600111812353,10244.671799940988,324.1552346570397
1764181981,50,,Aggregated,10.500000,0.000000,350,420,2100,2400,5300,5400,10000,10000,10000,10000,10000,284,6,350.0,1257.892234151704,2.5110000278800726,10244.671799940988,322.3521126760563
1764181982,50,,Aggregated,9.900000,0.400000,350,430,2100,2400,5300,5400,10000,10000,10000,10000,10000,295,10,350.0,1389.606393554832,2.5110000278800726,10250.73179998435,321.72542372881355
1764181983,50,,Aggregated,9.400000,0.400000,350,430,2100,2400,5300,5400,10000,10000,10000,10000,10000,306,14,350.0,1481.4628081645792,2.5110000278800726,10254.55450010486,323.54901960784315
1764181984,50,,Aggregated,9.700000,0.800000,350,430,2300,2400,5400,10000,10000,10000,10000,10000,10000,319,16,350.0,1541.6606843185416,2.5110000278800726,10254.55450010486,323.7523510971787
1764181985,50,,Aggregated,9.700000,1.200000,350,430,2100,2400,5400,5600,10000,10000,10000,10000,10000,335,16,350.0,1526.7315229790202,2.5110000278800726,10254.55450010486,325.00597014925376
1764181986,50,,Aggregated,9.700000,1.400000,350,430,2100,2400,5400,5400,10000,10000,10000,10000,10000,349,16,350.0,1504.0796848086047,2.5110000278800726,10254.55450010486,325.6131805157593
1764181987,50,,Aggregated,10.100000,1.600000,350,430,2300,2400,5400,10000,10000,10000,10000,10000,10000,371,19,350.0,1608.10444662611,2.5110000278800726,10373.930600006133,327.88409703504044
1764181988,50,,Aggregated,11.300000,1.600000,350,430,2300,2400,5400,10000,10000,10000,10000,10000,10000,393,21,350.0,1622.8484429985417,2.5110000278800726,10373.930600006133,329.99236641221376
1764181989,50,,Aggregated,11.800000,1.600000,350,430,2300,2400,5400,10000,10000,10000,10000,10000,10000,416,21,350.0,1595.5258706683078,2.4749001022428274,10373.930600006133,329.6057692307692
1764181990,50,,Aggregated,13.400000,1.900000,350,420,2100,2400,5400,5600,10000,10000,10000,10000,10000,435,21,350.0,1537.281446661479,2.4749001022428274,10373.930600006133,330.1264367816092
1764181991,50,,Aggregated,14.900000,2.100000,350,400,2000,2400,5400,5400,10000,10000,10000,10000,10000,460,21,340.0,1469.1642880384081,2.4749001022428274,10373.930600006133,331.75652173913045
1764181992,50,,Aggregated,15.400000,1.700000,350,400,840,2400,5400,5400,10000,10000,10000,10000,10000,478,21,340.0,1423.2530853507465,2.4749001022428274,10373.930600006133,330.4225941422594
1764181993,50,,Aggregated,16.100000,1.700000,350,400,460,2400,5300,5400,10000,10000,10000,10000,10000,491,21,350.0,1393.5932189353234,2.4749001022428274,10373.930600006133,329.76985743380857
1764181994,50,,Aggregated,17.600000,1.300000,350,400,460,2300,5300,5400,10000,10000,10000,10000,10000,504,21,350.0,1362.6990426518394,2.4749001022428274,10373.930600006133,327.6904761904762
1764181995,50,,Aggregated,17.700000,0.900000,350,400,460,2300,5300,5400,10000,10000,10000,10000,10000,515,21,350.0,1340.1094376638496,2.4749001022428274,10373.930600006133,327.4970873786408
1764181996,50,,Aggregated,18.900000,0.700000,350,400,460,2300,5300,5400,10000,10000,10000,10000,10000,520,21,350.0,1327.9267015329633,2.4749001022428274,10373.930600006133,325.54615384615386
1764181997,50,,Aggregated,18.600000,0.500000,340,400,450,2100,5300,5400,10000,10000,10000,10000,10000,525,21,340.0,1317.8702918040965,2.4749001022428274,10373.930600006133,325.7352380952381
1764181998,50,,Aggregated,17.900000,0.500000,340,400,460,2300,5300,5400,10000,10000,10000,10000,10000,535,21,340.0,1335.0106029858307,2.4749001022428274,10373.930600006133,324.7271028037383
1764181999,50,,Aggregated,16.600000,0.500000,350,400,460,2300,5400,5400,10000,10000,10000,10000,10000,544,21,340.0,1355.5958042231985,2.4749001022428274,10373.930600006133,326.2867647058824
1764182000,50,,Aggregated,15.100000,0.200000,340,400,460,2300,5400,5400,10000,10000,10000,10000,10000,549,21,340.0,1363.8305748581297,2.4749001022428274,10373.930600006133,326.4608378870674
1764182001,50,,Aggregated,13.500000,0.000000,350,400,460,2400,5400,5400,10000,10000,10000,10000,10000,561,21,350.0,1385.3509702268198,2.4749001022428274,10373.930600006133,327.1283422459893
1764182002,50,,Aggregated,12.400000,0.000000,350,400,490,2400,5400,5400,10000,10000,10000,10000,10000,572,24,350.0,1433.2668349595408,2.4749001022428274,10373.930600006133,326.7762237762238
1764182003,50,,Aggregated,10.800000,0.000000,350,400,840,2400,5400,5600,10000,10000,10000,10000,10000,590,29,350.0,1506.6283745726696,2.4749001022428274,10373.930600006133,326.16610169491526
1764182004,50,,Aggregated,10.000000,0.000000,350,400,840,2400,5400,10000,10000,10000,10000,10000,10000,597,31,350.0,1523.4448924583462,2.4749001022428274,10373.930600006133,324.05192629815747
1764182005,50,,Aggregated,9.600000,0.300000,350,410,2000,2400,5400,10000,10000,10000,10000,10000,10000,611,36,350.0,1576.8992039241634,2.4749001022428274,10373.930600006133,325.3306055646481
1764182006,50,,Aggregated,9.400000,0.900000,350,400,2000,2400,5400,10000,10000,10000,10000,10000,10000,622,36,350.0,1568.4451456552288,2.4749001022428274,10373.930600006133,324.0289389067524
1764182007,50,,Aggregated,9.300000,1.200000,350,400,2000,2400,5400,10000,10000,10000,10000,10000,10000,633,38,350.0,1585.9542982582898,2.4749001022428274,10373.930600006133,324.9842022116904
1764182008,50,,Aggregated,9.400000,1.500000,350,400,2000,2400,5400,10000,10000,10000,10000,10000,10000,640,39,350.0,1595.0820151530934,2.4749001022428274,10373.930600006133,325.38125
1764182009,50,,Aggregated,10.000000,1.500000,350,410,2000,2400,5400,10000,10000,10000,10000,10000,10000,653,40,350.0,1623.119448695637,2.4749001022428274,10373.930600006133,326.6263399693721
1764182010,50,,Aggregated,10.600000,1.700000,350,410,2100,2500,5400,10000,10000,10000,10000,10000,10000,670,43,350.0,1679.2022311914045,2.4749001022428274,10373.930600006133,328.2597014925373
1764182011,50,,Aggregated,10.300000,1.800000,350,410,2100,2500,5400,10000,10000,10000,10000,10000,10000,682,43,350.0,1669.417173017562,2.4749001022428274,10373.930600006133,328.2375366568915
1764182012,50,,Aggregated,10.900000,1.900000,350,410,2100,2500,5400,10000,10000,10000,10000,10000,10000,702,45,350.0,1681.8738116768648,2.4749001022428274,10373.930600006133,329.67236467236467
1764182013,50,,Aggregated,12.100000,2.200000,350,410,2000,2500,5400,10000,10000,10000,10000,10000,10000,725,47,350.0,1679.8764947548123,2.4749001022428274,10373.930600006133,330.8841379310345
1764182014,50,,Aggregated,11.900000,2.200000,350,420,2100,2500,5400,10000,10000,10000,10000,10000,10000,738,47,350.0,1698.7738088041488,2.4749001022428274,10373.930600006133,330.44173441734415
1764182015,50,,Aggregated,12.700000,2.100000,360,430,2000,2500,5400,10000,10000,10000,10000,10000,10000,768,47,360.0,1656.169835282526,2.4749001022428274,10373.930600006133,331.5052083333333
1764182017,50,,Aggregated,13.500000,1.700000,360,430,1000,2400,5400,10000,10000,10000,10000,10000,10000,784,47,360.0,1629.5469186187968,2.4749001022428274,10373.930600006133,332.3520408163265
1764182018,50,,Aggregated,13.900000,1.400000,350,430,930,2400,5400,10000,10000,10000,10000,10000,10000,801,47,350.0,1601.3445645409722,2.4749001022428274,10373.930600006133,333.2721598002497
1764182019,50,,Aggregated,15.600000,1.100000,350,430,860,2400,5400,10000,10000,10000,10000,10000,10000,812,47,350.0,1583.7926382962798,2.4749001022428274,10373.930600006133,333.0738916256158
1764182020,50,,Aggregated,16.200000,1.100000,350,430,820,2400,5400,10000,10000,10000,10000,10000,10000,824,47,350.0,1565.4967220834098,2.4749001022428274,10373.930600006133,333.43203883495147
1764182021,50,,Aggregated,17.200000,0.800000,350,430,630,2400,5400,10000,10000,10000,10000,10000,10000,832,47,350.0,1552.757506847019,2.4749001022428274,10373.930600006133,332.92788461538464
1764182022,50,,Aggregated,17.200000,0.800000,350,420,570,2400,5400,10000,10000,10000,10000,10000,10000,841,47,350.0,1537.8190708639017,2.4749001022428274,10373.930600006133,331.66111771700355
1764182023,50,,Aggregated,17.100000,0.700000,350,420,610,2400,5400,10000,10000,10000,10000,10000,10000,848,47,350.0,1544.3820683925328,2.4749001022428274,10373.930600006133,331.0801886792453
1764182024,50,,Aggregated,16.100000,0.400000,350,420,630,2400,5400,10000,10000,10000,10000,10000,10000,859,47,350.0,1549.931620369634,2.4749001022428274,10373.930600006133,329.6356228172293
1764182025,50,,Aggregated,15.800000,0.400000,350,430,820,2400,5400,10000,10000,10000,10000,10000,10000,867,47,350.0,1561.4862949216808,2.4749001022428274,10373.930600006133,330.03575547866205
1764182026,50,,Aggregated,13.300000,0.000000,350,430,840,2400,5400,10000,10000,10000,10000,10000,10000,878,47,350.0,1567.5981055771729,2.4749001022428274,10373.930600006133,329.47380410022777
1764182027,50,,Aggregated,13.300000,0.000000,350,430,850,2400,5400,10000,10000,10000,10000,10000,10000,888,47,350.0,1570.0392270233137,2.4749001022428274,10373.930600006133,329.65315315315314
1764182028,50,,Aggregated,10.900000,0.000000,350,430,870,2400,5400,10000,10000,10000,10000,10000,10000,896,51,350.0,1602.9861987683814,2.4749001022428274,10373.930600006133,330.29017857142856
1764182029,50,,Aggregated,10.400000,0.000000,350,430,1000,2500,5400,10000,10000,10000,10000,10000,10000,912,57,350.0,1655.8814488993162,2.4749001022428274,10373.930600006133,330.80263157894734
1764182030,50,,Aggregated,9.400000,0.300000,350,430,1000,2500,5400,10000,10000,10000,10000,10000,10000,923,58,350.0,1659.6163999958253,2.4749001022428274,10373.930600006133,329.82123510292524
1764182031,50,,Aggregated,9.400000,0.300000,350,430,1000,2500,5400,10000,10000,10000,10000,10000,10000,938,59,350.0,1675.496518652368,2.4749001022428274,10373.930600006133,330.81663113006397
1764182032,50,,Aggregated,9.800000,0.800000,350,430,1000,2500,5400,10000,10000,10000,10000,10000,10000,947,61,350.0,1682.431035264766,2.4749001022428274,10373.930600006133,330.4128827877508
1764182033,50,,Aggregated,10.700000,1.200000,350,430,1000,2500,5400,10000,10000,10000,10000,10000,10000,956,64,350.0,1700.6349920455432,2.4749001022428274,10373.930600006133,330.36401673640165
1764182034,50,,Aggregated,10.600000,1.400000,350,430,1000,2500,5400,10000,10000,10000,10000,10000,10000,971,65,350.0,1693.215727904403,2.4749001022428274,10373.930600006133,329.42224510813594
1764182035,50,,Aggregated,10.600000,1.400000,350,430,1000,2500,5400,10000,10000,10000,10000,10000,10000,973,65,350.0,1690.1934752262314,2.4749001022428274,10373.930600006133,329.22816032887977
1764182036,50,,Aggregated,11.000000,1.800000,350,430,1000,2500,5400,10000,10000,10000,10000,10000,10000,988,67,350.0,1704.0497409863217,2.4749001022428274,10373.930600006133,329.4008097165992
1764182037,50,,Aggregated,10.600000,1.800000,350,430,1000,2500,5400,10000,10000,10000,10000,10000,10000,1004,68,350.0,1709.8653083611503,2.4749001022428274,10373.930600006133,328.59362549800795
1764182038,50,,Aggregated,11.000000,2.000000,350,430,2000,5300,5400,10000,10000,10000,10000,10000,10000,1020,69,350.0,1731.8210256810976,2.4749001022428274,10373.930600006133,329.2549019607843
1764182039,50,,Aggregated,11.500000,2.100000,350,430,2000,5300,5400,10000,10000,10000,10000,10000,10000,1047,70,350.0,1728.1741092593961,2.4749001022428274,10373.930600006133,330.1289398280802
1764182040,50,,Aggregated,12.200000,1.900000,350,430,2000,5300,5400,10000,10000,10000,10000,10000,10000,1067,73,350.0,1737.4091455435787,2.4749001022428274,10373.930600006133,329.62417994376756
1764182041,50,,Aggregated,13.300000,1.500000,350,420,1000,5300,5400,10000,10000,10000,10000,10000,10000,1093,74,350.0,1715.3966526035645,2.4749001022428274,10373.930600006133,328.6870997255261
1764182042,50,,Aggregated,14.100000,1.400000,350,420,930,2500,5400,10000,10000,10000,10000,10000,10000,1112,74,350.0,1690.1454585386614,2.4749001022428274,10373.930600006133,328.24460431654677
1764182043,50,,Aggregated,15.000000,1.500000,350,420,790,2500,5400,10000,10000,10000,10000,10000,10000,1134,74,350.0,1664.3784135757458,2.4749001022428274,10373.930600006133,328.70723104056435
1764182044,50,,Aggregated,16.100000,1.300000,350,420,570,2400,5400,10000,10000,10000,10000,10000,10000,1159,74,350.0,1633.533890505351,2.4749001022428274,10373.930600006133,327.1622088006902
1764182045,50,,Aggregated,17.700000,1.000000,350,420,560,2400,5400,10000,10000,10000,10000,10000,10000,1178,74,350.0,1611.9071324243241,2.4749001022428274,10373.930600006133,326.7691001697793
1764182046,50,,Aggregated,18.100000,0.900000,350,420,540,2400,5400,10000,10000,10000,10000,10000,10000,1189,74,350.0,1599.3500790545831,2.4749001022428274,10373.930600006133,326.69386038687975
1764182047,50,,Aggregated,20.400000,0.900000,350,420,520,2400,5400,10000,10000,10000,10000,10000,10000,1200,74,350.0,1586.534225329912,2.4749001022428274,10373.930600006133,326.00666666666666
1764182048,50,,Aggregated,20.100000,0.700000,350,410,520,2400,5400,10000,10000,10000,10000,10000,10000,1208,74,350.0,1577.4423972648008,2.4749001022428274,10373.930600006133,325.7086092715232
1764182049,50,,Aggregated,19.500000,0.600000,350,410,510,2400,5400,10000,10000,10000,10000,10000,10000,1217,74,350.0,1567.6134500373996,2.4749001022428274,10373.930600006133,325.7937551355793
1764182050,50,,Aggregated,18.900000,0.500000,350,410,510,2400,5400,10000,10000,10000,10000,10000,10000,1222,74,350.0,1570.0088867396742,2.4749001022428274,10373.930600006133,325.2716857610475
1764182051,50,,Aggregated,17.300000,0.400000,350,410,520,2400,5400,10000,10000,10000,10000,10000,10000,1233,74,350.0,1582.726152713274,2.4749001022428274,10373.930600006133,325.5109489051095
1764182052,50,,Aggregated,15.700000,0.200000,350,420,550,2400,5400,10000,10000,10000,10000,10000,10000,1244,74,350.0,1599.310629980727,2.4749001022428274,10373.930600006133,325.7459807073955
1764182053,50,,Aggregated,14.200000,0.000000,350,420,550,2400,5400,10000,10000,10000,10000,10000,10000,1251,74,350.0,1599.901252994232,2.4749001022428274,10373.930600006133,325.6794564348521
1764182054,50,,Aggregated,13.100000,0.000000,350,420,550,2400,5400,10000,10000,10000,10000,10000,10000,1257,74,350.0,1598.097969208864,2.4749001022428274,10373.930600006133,326.12490055688147
1764182055,50,,Aggregated,11.800000,0.000000,350,410,540,2400,5400,10000,10000,10000,10000,10000,10000,1267,74,350.0,1591.3671218593852,2.4749001022428274,10373.930600006133,325.9865824782952
1764182056,50,,Aggregated,10.400000,0.000000,350,420,560,2500,5400,10000,10000,10000,10000,10000,10000,1278,80,350.0,1638.5056079776684,2.4749001022428274,10373.930600006133,326.61815336463224
1764182057,50,,Aggregated,8.500000,0.000000,350,420,570,2500,5400,10000,10000,10000,10000,10000,10000,1290,84,350.0,1663.868531314548,2.4749001022428274,10373.930600006133,326.5100775193798
1764182058,50,,Aggregated,8.800000,0.500000,350,420,570,2500,5400,10000,10000,10000,10000,10000,10000,1299,85,350.0,1665.7983456475529,2.4749001022428274,10373.930600006133,326.83987682832947
1764182059,50,,Aggregated,8.900000,1.000000,350,420,570,2500,5400,10000,10000,10000,10000,10000,10000,1311,88,350.0,1678.9688410345411,2.4472998920828104,10373.930600006133,326.4782608695652
1764182060,50,,Aggregated,9.100000,1.100000,350,420,570,2500,5400,10000,10000,10000,10000,10000,10000,1322,89,350.0,1678.331027909058,2.4472998920828104,10373.930600006133,326.3857791225416
1764182061,50,,Aggregated,9.100000,1.200000,350,420,570,2500,5400,10000,10000,10000,10000,10000,10000,1328,90,350.0,1682.9477999212447,2.4472998920828104,10373.930600006133,326.22289156626505
1764182062,50,,Aggregated,9.600000,1.500000,350,420,600,5300,5400,10000,10000,10000,10000,10000,10000,1338,93,350.0,1697.938496259463,2.4472998920828104,10373.930600006133,326.0104633781764
1764182063,50,,Aggregated,9.600000,1.600000,350,420,600,5300,5400,10000,10000,10000,10000,10000,10000,1347,94,350.0,1699.7680389719899,2.4472998920828104,10373.930600006133,326.33184855233856
1764182064,50,,Aggregated,9.600000,1.800000,350,420,870,5300,5400,10000,10000,10000,10000,10000,10000,1374,99,350.0,1745.3642691373066,2.4472998920828104,10373.930600006133,327.2183406113537
1764182065,50,,Aggregated,9.600000,1.900000,350,420,940,5300,5400,10000,10000,10000,10000,10000,10000,1391,101,350.0,1756.7790099168578,2.4472998920828104,10373.930600006133,328.2882818116463
1764182066,50,,Aggregated,11.000000,2.200000,350,420,840,5300,5400,10000,10000,10000,10000,10000,10000,1409,101,350.0,1737.5751200106954,2.4472998920828104,10373.930600006133,328.1412349183818
1764182067,50,,Aggregated,11.900000,2.700000,350,420,820,5300,5400,10000,10000,10000,10000,10000,10000,1431,102,350.0,1732.589835286398,2.4472998920828104,10373.930600006133,328.7414395527603
1764182068,50,,Aggregated,12.400000,2.200000,350,410,600,5300,5400,10000,10000,10000,10000,10000,10000,1458,102,350.0,1715.3908195439087,2.4472998920828104,10373.930600006133,328.6460905349794
1764182069,50,,Aggregated,14.000000,1.800000,350,410,560,5300,5400,10000,10000,10000,10000,10000,10000,1481,102,350.0,1692.5376313946044,2.4472998920828104,10373.930600006133,328.5584064821067
1764182070,50,,Aggregated,14.900000,1.700000,350,410,550,2500,5400,10000,10000,10000,10000,10000,10000,1499,102,350.0,1675.2756470281586,2.4472998920828104,10373.930600006133,328.66244162775183
1764182071,50,,Aggregated,16.500000,1.600000,350,400,520,2500,5400,10000,10000,10000,10000,10000,10000,1516,102,350.0,1659.193508044416,2.4472998920828104,10373.930600006133,328.4617414248021
1764182072,50,,Aggregated,17.500000,1.300000,350,400,500,2500,5400,10000,10000,10000,10000,10000,10000,1537,102,350.0,1639.4842266724381,2.4472998920828104,10373.930600006133,327.7833441769681
1764182073,50,,Aggregated,18.300000,1.200000,350,400,490,2400,5400,10000,10000,10000,10000,10000,10000,1549,102,350.0,1628.3790967043903,2.4472998920828104,10373.930600006133,327.0645577792124
1764182074,50,,Aggregated,19.400000,1.000000,350,400,490,2400,5400,10000,10000,10000,10000,10000,10000,1563,102,350.0,1616.3621470220423,2.4472998920828104,10373.930600006133,326.94625719769675
1764182075,50,,Aggregated,19.900000,0.900000,350,400,490,2400,5400,10000,10000,10000,10000,10000,10000,1576,102,350.0,1604.508945618982,2.4472998920828104,10373.930600006133,326.07106598984774
1764182076,50,,Aggregated,19.000000,0.600000,350,400,490,2400,5400,10000,10000,10000,10000,10000,10000,1585,102,350.0,1606.2903675053867,2.4472998920828104,10373.930600006133,326.13438485804414
1764182077,50,,Aggregated,18.800000,0.100000,350,400,480,2400,5400,10000,10000,10000,10000,10000,10000,1597,102,350.0,1599.0252904798053,2.4472998920828104,10373.930600006133,325.9104571070758
1764182078,50,,Aggregated,17.800000,0.100000,350,400,480,2400,5400,10000,10000,10000,10000,10000,10000,1607,102,350.0,1590.686617856967,2.4472998920828104,10373.930600006133,326.03173615432485
1764182079,50,,Aggregated,16.300000,0.000000,350,400,480,2400,5400,10000,10000,10000,10000,10000,10000,1612,102,350.0,1586.201795903306,2.4472998920828104,10373.930600006133,325.6352357320099
1764182080,50,,Aggregated,15.800000,0.000000,350,400,480,2400,5400,10000,10000,10000,10000,10000,10000,1620,102,350.0,1585.7101478987593,2.4472998920828104,10373.930600006133,325.4148148148148
1764182081,50,,Aggregated,13.700000,0.000000,350,400,480,2400,5400,10000,10000,10000,10000,10000,10000,1629,106,350.0,1609.0364408201353,2.4472998920828104,10373.930600006133,325.84346224677716
1764182082,50,,Aggregated,12.600000,0.000000,350,400,490,2400,5400,10000,10000,10000,10000,10000,10000,1641,110,350.0,1629.5073421667446,2.4472998920828104,10373.930600006133,325.98842169408897
1764182083,50,,Aggregated,11.700000,0.400000,350,400,490,2500,5400,10000,10000,10000,10000,10000,10000,1653,115,350.0,1659.034015786881,2.4472998920828104,10373.930600006133,326.3321234119782
1764182084,50,,Aggregated,10.400000,0.400000,350,400,490,2500,5400,10000,10000,10000,10000,10000,10000,1661,117,350.0,1663.7799332906873,2.4472998920828104,10373.930600006133,325.8488862131246
1764182085,50,,Aggregated,10.100000,0.900000,350,400,490,2500,5400,10000,10000,10000,10000,10000,10000,1671,119,350.0,1673.2235414700283,2.4472998920828104,10373.930600006133,325.92280071813286
1764182086,50,,Aggregated,10.300000,1.400000,350,400,490,2500,5400,10000,10000,10000,10000,10000,10000,1677,120,350.0,1673.7617700038334,2.4472998920828104,10373.930600006133,325.57602862254026
1764182087,50,,Aggregated,9.600000,1.600000,350,400,490,2500,5400,10000,10000,10000,10000,10000,10000,1681,120,350.0,1673.3877734064497,2.4472998920828104,10373.930600006133,325.57941701368236
1764182088,50,,Aggregated,9.600000,1.800000,350,400,500,2500,5400,10000,10000,10000,10000,10000,10000,1693,121,350.0,1681.1904592419728,2.4472998920828104,10373.930600006133,325.56822209096276
1764182089,50,,Aggregated,8.900000,1.800000,350,400,510,5300,5400,10000,10000,10000,10000,10000,10000,1707,123,350.0,1692.9282482697638,2.4472998920828104,10373.930600006133,325.6455770357352
1764182090,50,,Aggregated,8.400000,1.800000,350,400,540,5300,5400,10000,10000,10000,10000,10000,10000,1724,128,350.0,1722.3505400212507,2.4472998920828104,10373.930600006133,326.03480278422273
1764182091,50,,Aggregated,8.900000,1.900000,350,400,550,5300,5400,10000,10000,10000,10000,10000,10000,1741,130,350.0,1733.4801915540622,2.4472998920828104,10373.930600006133,325.63296955772546
1764182092,50,,Aggregated,9.500000,2.200000,350,400,550,5300,5400,10000,10000,10000,10000,10000,10000,1760,131,350.0,1733.1827259065574,2.4472998920828104,10373.930600006133,326.41136363636366
1764182093,50,,Aggregated,10.500000,2.300000,350,410,550,5300,5400,10000,10000,10000,10000,10000,10000,1787,133,350.0,1733.455216449414,2.4472998920828104,10373.930600006133,326.32848349188583
1764182094,50,,Aggregated,11.600000,2.500000,350,400,520,5300,5400,10000,10000,10000,10000,10000,10000,1808,133,350.0,1716.1599968999687,2.4472998920828104,10373.930600006133,325.7765486725664
1764182095,50,,Aggregated,12.600000,2.000000,350,400,510,5300,5400,10000,10000,10000,10000,10000,10000,1832,133,350.0,1696.567221012553,2.4472998920828104,10373.930600006133,324.7882096069869
1764182096,50,,Aggregated,14.300000,1.700000,350,400,490,2500,5400,10000,10000,10000,10000,10000,10000,1855,133,350.0,1679.3382359540587,2.4472998920828104,10373.930600006133,324.9644204851752
1764182097,50,,Aggregated,15.200000,1.500000,350,400,490,2500,5400,10000,10000,10000,10000,10000,10000,1869,133,350.0,1668.878485604751,2.4472998920828104,10373.930600006133,325.0781166399144
1764182098,50,,Aggregated,16.700000,1.300000,350,400,480,2500,5400,10000,10000,10000,10000,10000,10000,1890,133,350.0,1653.2187651826819,2.4472998920828104,10373.930600006133,324.75873015873015
1764182099,50,,Aggregated,18.000000,1.300000,350,400,480,2400,5400,10000,10000,10000,10000,10000,10000,1906,133,350.0,1641.2524294834006,2.4472998920828104,10373.930600006133,324.3913955928646
1764182100,50,,Aggregated,19.000000,1.300000,350,400,480,2400,5400,10000,10000,10000,10000,10000,10000,1915,133,350.0,1634.8491670470198,2.4472998920828104,10373.930600006133,324.45169712793734
1764182101,50,,Aggregated,19.900000,1.200000,350,400,470,2400,5400,10000,10000,10000,10000,10000,10000,1927,133,350.0,1626.1201595721286,2.4472998920828104,10373.930600006133,324.27659574468083
1764182102,50,,Aggregated,19.500000,0.900000,350,400,470,2400,5400,10000,10000,10000,10000,10000,10000,1933,133,350.0,1621.82009420348,2.4472998920828104,10373.930600006133,324.18986032074497
1764182103,50,,Aggregated,18.900000,0.400000,350,400,470,2400,5400,10000,10000,10000,10000,10000,10000,1944,133,350.0,1617.131284359625,2.4472998920828104,10373.930600006133,324.3477366255144
1764182104,50,,Aggregated,17.900000,0.200000,350,400,470,2400,5400,10000,10000,10000,10000,10000,10000,1955,133,350.0,1620.1584437315394,2.4472998920828104,10373.930600006133,324.50383631713555
1764182105,50,,Aggregated,16.300000,0.200000,350,400,470,2400,5400,10000,10000,10000,10000,10000,10000,1966,133,350.0,1617.6051732428875,2.4472998920828104,10373.930600006133,324.28382502543235
1764182106,50,,Aggregated,15.000000,0.000000,350,400,470,2400,5400,10000,10000,10000,10000,10000,10000,1982,133,350.0,1618.798321440504,2.4472998920828104,10373.930600006133,323.93440968718465
1764182107,50,,Aggregated,13.900000,0.000000,350,400,470,2400,5400,10000,10000,10000,10000,10000,10000,1986,133,350.0,1615.7400778927142,2.4472998920828104,10373.930600006133,323.56998992950656
1764182108,50,,Aggregated,12.800000,0.000000,350,400,470,2400,5400,10000,10000,10000,10000,10000,10000,2000,136,350.0,1628.723245847621,2.4472998920828104,10373.930600006133,323.816
1764182109,50,,Aggregated,12.400000,0.000000,350,400,470,2500,5400,10000,10000,10000,10000,10000,10000,2011,141,350.0,1646.0294424642334,2.4472998920828104,10373.930600006133,324.0641471904525
1764182110,50,,Aggregated,11.300000,0.000000,350,400,480,2500,5400,10000,10000,10000,10000,10000,10000,2023,148,350.0,1672.2368499729323,2.4472998920828104,10373.930600006133,324.3208106772121
1764182111,50,,Aggregated,10.700000,0.400000,350,400,480,2500,5400,10000,10000,10000,10000,10000,10000,2031,148,350.0,1671.4007509085898,2.4472998920828104,10373.930600006133,324.15017232890204
1764182112,50,,Aggregated,10.800000,0.900000,350,400,480,2500,5400,10000,10000,10000,10000,10000,10000,2039,148,350.0,1668.449508580514,2.4472998920828104,10373.930600006133,324.1613536047082
1764182113,50,,Aggregated,10.900000,1.500000,350,400,480,2500,5400,10000,10000,10000,10000,10000,10000,2052,149,350.0,1669.486498341035,2.4472998920828104,10373.930600006133,324.2066276803119
1764182114,50,,Aggregated,10.500000,1.500000,350,400,480,5300,5400,10000,10000,10000,10000,10000,10000,2065,149,350.0,1677.8604998526143,2.4472998920828104,10373.930600006133,324.26876513317194
1764182115,50,,Aggregated,10.600000,1.500000,350,400,480,5300,5400,10000,10000,10000,10000,10000,10000,2074,150,350.0,1681.3218091589174,2.4472998920828104,10373.930600006133,324.13018322082934
1764182116,50,,Aggregated,10.400000,1.600000,350,400,480,5300,5400,10000,10000,10000,10000,10000,10000,2084,151,350.0,1683.8524743743444,2.4472998920828104,10373.930600006133,324.0383877159309
1764182117,50,,Aggregated,11.300000,1.700000,350,400,480,5300,5400,10000,10000,10000,10000,10000,10000,2099,153,350.0,1687.4917459723208,2.4472998920828104,10373.930600006133,323.6307765602668
1764182118,50,,Aggregated,10.900000,1.700000,350,400,480,5300,5400,10000,10000,10000,10000,10000,10000,2117,157,350.0,1698.6810014151824,2.4472998920828104,10373.930600006133,323.50448748228627
1764182119,50,,Aggregated,10.500000,1.800000,350,400,490,5300,5400,10000,10000,10000,10000,10000,10000,2129,158,350.0,1704.8891142771627,2.4472998920828104,10373.930600006133,323.6801315171442
1764182120,50,,Aggregated,11.200000,2.000000,350,400,490,5300,5400,10000,10000,10000,10000,10000,10000,2136,158,350.0,1705.3577730319662,2.4472998920828104,10373.930600006133,323.30337078651684
1764182121,50,,Aggregated,11.600000,2.000000,350,400,490,5300,5400,10000,10000,10000,10000,10000,10000,2145,159,350.0,1707.9951594388308,2.4472998920828104,10373.930600006133,323.34498834498834
1764182122,50,,Aggregated,11.700000,1.600000,350,400,510,5300,5400,10000,10000,10000,10000,10000,10000,2154,161,350.0,1718.4498611402662,2.4472998920828104,10373.930600006133,323.1987000928505
1764182123,50,,Aggregated,10.800000,1.000000,350,400,510,5300,5400,10000,10000,10000,10000,10000,10000,2161,161,350.0,1717.363010039954,2.4472998920828104,10373.930600006133,322.82785747339193
1764182124,50,,Aggregated,11.700000,1.300000,350,410,520,5300,5400,10000,10000,10000,10000,10000,10000,2166,161,350.0,1723.228630931108,2.4472998920828104,10373.930600006133,323.0498614958449
1764182125,50,,Aggregated,11.400000,1.300000,350,410,550,5300,5400,10000,10000,10000,10000,10000,10000,2174,161,350.0,1743.7944430067514,2.4472998920828104,10373.930600006133,323.4029438822447
1764182126,50,,Aggregated,10.700000,1.200000,350,410,850,5300,5400,10000,10000,10000,10000,10000,10000,2202,161,350.0,1774.7684836951842,2.4472998920828104,10373.930600006133,324.1171662125341
1764182127,50,,Aggregated,9.700000,1.100000,350,410,1000,5300,5400,10000,10000,10000,10000,10000,10000,2224,161,350.0,1768.7622839013338,2.4472998920828104,10373.930600006133,324.228417266187
1764182128,50,,Aggregated,9.900000,1.100000,350,410,940,5300,5400,10000,10000,10000,10000,10000,10000,2236,161,350.0,1760.668285016332,2.4472998920828104,10373.930600006133,324.07871198568876
1764182129,50,,Aggregated,12.500000,1.000000,350,410,810,5000,5400,10000,10000,10000,10000,10000,10000,2264,161,350.0,1743.619856932867,2.329399809241295,10373.930600006133,324.7650176678445
1764182130,50,,Aggregated,12.100000,0.800000,350,410,600,4900,5400,10000,10000,10000,10000,10000,10000,2282,161,350.0,1732.1805254148937,2.329399809241295,10373.930600006133,324.7020157756354
1764182131,50,,Aggregated,12.200000,0.400000,350,410,570,4800,5400,10000,10000,10000,10000,10000,10000,2291,161,350.0,1726.5897710152728,2.329399809241295,10373.930600006133,324.5905718027062
1764182132,50,,Aggregated,13.300000,0.300000,360,420,570,4700,5400,10000,10000,10000,10000,10000,10000,2307,161,360.0,1717.358104289781,2.329399809241295,10373.930600006133,324.6072821846554
1764182133,50,,Aggregated,14.500000,0.300000,360,420,560,4500,5400,10000,10000,10000,10000,10000,10000,2317,161,360.0,1711.72814337351,2.329399809241295,10373.930600006133,325.01467414760464
1764182134,50,,Aggregated,14.300000,0.000000,360,420,560,4500,5400,10000,10000,10000,10000,10000,10000,2323,161,360.0,1710.193681530955,2.329399809241295,10373.930600006133,324.94059405940595
1764182135,50,,Aggregated,15.300000,0.000000,360,420,560,4500,5400,10000,10000,10000,10000,10000,10000,2332,161,360.0,1708.8938077171308,2.329399809241295,10373.930600006133,324.8301886792453
1764182136,50,,Aggregated,15.600000,0.000000,360,420,560,4500,5400,10000,10000,10000,10000,10000,10000,2340,161,360.0,1707.9660170496657,2.329399809241295,10373.930600006133,324.5230769230769
1764182137,50,,Aggregated,15.900000,0.000000,360,420,570,4800,5400,10000,10000,10000,10000,10000,10000,2352,161,360.0,1713.7973790377146,2.329399809241295,10373.930600006133,324.6921768707483
1764182138,50,,Aggregated,15.500000,0.000000,360,420,570,4800,5400,10000,10000,10000,10000,10000,10000,2359,161,360.0,1713.988517166971,2.329399809241295,10373.930600006133,324.8160237388724
1764182139,50,,Aggregated,12.700000,0.000000,360,420,570,4800,5400,10000,10000,10000,10000,10000,10000,2372,161,360.0,1712.6010439700633,2.329399809241295,10373.930600006133,324.7116357504216
1764182140,50,,Aggregated,12.800000,0.000000,360,420,580,4900,5400,10000,10000,10000,10000,10000,10000,2383,164,360.0,1725.2202327723724,2.329399809241295,10373.930600006133,324.947125472094
1764182141,50,,Aggregated,11.700000,0.000000,360,420,600,5100,5400,10000,10000,10000,10000,10000,10000,2393,169,360.0,1742.0614500611016,2.329399809241295,10373.930600006133,324.8035938152946
1764182142,50,,Aggregated,10.700000,0.000000,360,420,630,5200,5400,10000,10000,10000,10000,10000,10000,2403,173,360.0,1752.4843143970293,2.329399809241295,10373.930600006133,324.3699542238868
1764182144,50,,Aggregated,10.100000,0.300000,360,420,810,5300,5400,10000,10000,10000,10000,10000,10000,2407,174,360.0,1759.2879489804593,2.329399809241295,10373.930600006133,324.3593685085168
1764182145,50,,Aggregated,10.000000,0.800000,360,420,860,5300,5400,10000,10000,10000,10000,10000,10000,2415,176,360.0,1766.1296080312004,2.329399809241295,10373.930600006133,324.3383022774327
1764182146,50,,Aggregated,9.000000,1.300000,360,420,1000,5300,5400,10000,10000,10000,10000,10000,10000,2424,179,360.0,1781.2822904682137,2.329399809241295,10373.930600006133,324.34158415841586
1764182147,50,,Aggregated,9.000000,1.300000,360,420,1200,5300,5400,10000,10000,10000,10000,10000,10000,2449,179,360.0,1788.6277771314926,2.3258000146597624,10373.930600006133,325.0073499387505
1764182148,50,,Aggregated,9.100000,1.800000,360,420,1200,5300,5400,10000,10000,10000,10000,10000,10000,2465,179,360.0,1785.0390212147536,2.3258000146597624,10373.930600006133,324.57241379310346
1764182149,50,,Aggregated,9.100000,1.800000,360,420,1200,5300,5400,10000,10000,10000,10000,10000,10000,2477,179,360.0,1777.3912690328355,2.0540000405162573,10373.930600006133,324.28704077513123
1764182150,50,,Aggregated,10.900000,1.800000,360,420,1100,5300,5400,10000,10000,10000,10000,10000,10000,2483,179,360.0,1773.7229374121835,2.0540000405162573,10373.930600006133,324.2194925493355
1764182151,50,,Aggregated,11.800000,1.800000,360,420,1200,5300,5400,10000,10000,10000,10000,10000,10000,2503,180,360.0,1786.2271303610516,2.0540000405162573,10373.930600006133,324.668397922493
1764182152,50,,Aggregated,11.800000,1.800000,360,420,1200,5300,5400,10000,10000,10000,10000,11000,11000,2515,181,360.0,1785.2470420251896,2.0540000405162573,10542.528999969363,324.51888667992046
1764182153,50,,Aggregated,11.800000,1.600000,360,420,1000,5300,5400,10000,10000,10000,10000,11000,11000,2525,181,360.0,1779.3812786904855,2.0540000405162573,10542.528999969363,324.4558415841584
1764182154,50,,Aggregated,12.200000,1.200000,360,430,1000,5300,5400,10000,10000,10000,10000,11000,11000,2543,182,360.0,1779.7835077050336,2.0540000405162573,11113.704100018367,324.6767597325993
1764182155,50,,Aggregated,12.100000,0.800000,360,430,1200,5300,5400,10000,10000,10000,10000,11000,11000,2563,182,360.0,1782.7334667163002,2.0540000405162573,11113.704100018367,325.12563402262975
1764182156,50,,Aggregated,13.400000,0.800000,360,430,1200,5300,5400,10000,10000,10000,10000,11000,11000,2589,182,360.0,1783.5532061777421,2.0540000405162573,11113.704100018367,324.9312475859405
1764182157,50,,Aggregated,14.600000,0.600000,360,430,1100,5300,5400,10000,10000,10000,10000,11000,11000,2604,182,360.0,1775.4477710038755,2.0540000405162573,11113.704100018367,325.33179723502303
1764182158,50,,Aggregated,16.200000,0.300000,360,430,1000,5300,5400,10000,10000,10000,10000,11000,11000,2621,182,360.0,1765.7299436072192,1.9753000233322382,11113.704100018367,325.0969095764975
1764182159,50,,Aggregated,15.400000,0.300000,360,430,870,5100,5400,10000,10000,10000,10000,11000,11000,2645,182,360.0,1753.8237413967165,1.9753000233322382,11113.704100018367,325.392438563327
1764182160,50,,Aggregated,15.500000,0.300000,360,430,820,4900,5400,10000,10000,10000,10000,11000,11000,2661,182,360.0,1745.5648658001794,1.9753000233322382,11113.704100018367,325.26381059751975
1764182161,50,,Aggregated,16.600000,0.300000,360,430,700,4900,5400,10000,10000,10000,10000,11000,11000,2675,182,360.0,1737.68820650275,1.9753000233322382,11113.704100018367,324.9289719626168
1764182162,50,,Aggregated,17.700000,0.300000,360,430,660,4800,5400,10000,10000,10000,10000,11000,11000,2690,182,360.0,1730.1457262061342,1.9753000233322382,11113.704100018367,325.0431226765799
1764182163,50,,Aggregated,17.300000,0.200000,360,430,680,4700,5400,10000,10000,10000,10000,11000,11000,2696,182,360.0,1727.8341309697532,1.9753000233322382,11113.704100018367,325.11572700296733
1764182164,50,,Aggregated,17.300000,0.200000,360,430,690,4500,5400,10000,10000,10000,10000,11000,11000,2707,182,360.0,1723.0738773530004,1.9753000233322382,11113.704100018367,325.2253417066864
1764182165,50,,Aggregated,17.100000,0.100000,360,430,680,4500,5400,10000,10000,10000,10000,11000,11000,2718,182,360.0,1721.1811780703244,1.9753000233322382,11113.704100018367,325.19867549668874
1764182166,50,,Aggregated,16.600000,0.000000,360,440,700,4700,5400,10000,10000,10000,10000,11000,11000,2728,182,360.0,1723.3837357751413,1.9753000233322382,11113.704100018367,325.27272727272725
1764182167,50,,Aggregated,15.500000,0.000000,360,430,680,4500,5400,10000,10000,10000,10000,11000,11000,2737,182,360.0,1720.2829226505578,1.9753000233322382,11113.704100018367,324.9086591158202
1764182168,50,,Aggregated,15.500000,0.000000,360,440,750,4500,5400,10000,10000,10000,10000,11000,11000,2744,182,360.0,1719.1750459527766,1.9753000233322382,11113.704100018367,324.7463556851312
1764182169,50,,Aggregated,13.000000,0.000000,360,440,700,4500,5400,10000,10000,10000,10000,11000,11000,2754,182,360.0,1718.5375936073708,1.9753000233322382,11113.704100018367,324.95497458242556
1764182170,50,,Aggregated,12.500000,0.000000,360,440,810,4800,5400,10000,10000,10000,10000,11000,11000,2769,187,360.0,1734.4404252055317,1.9753000233322382,11113.704100018367,325.0007222824124
1764182171,50,,Aggregated,10.900000,0.000000,360,440,840,4900,5400,10000,10000,10000,10000,11000,11000,2780,190,360.0,1741.4258885230843,1.9753000233322382,11113.704100018367,325.0690647482014
1764182172,50,,Aggregated,10.900000,0.000000,360,440,840,4900,5400,10000,10000,10000,10000,11000,11000,2788,191,360.0,1742.509547487226,1.9753000233322382,11113.704100018367,324.9296987087518
1764182173,50,,Aggregated,10.400000,0.700000,360,440,840,4900,5400,10000,10000,10000,10000,11000,11000,2794,192,360.0,1742.8483899406763,1.9753000233322382,11113.704100018367,324.5919828203293
1764182174,50,,Aggregated,10.400000,0.700000,360,440,870,5000,5400,10000,10000,10000,10000,11000,11000,2800,196,360.0,1754.4538187835965,1.9753000233322382,11113.704100018367,324.6114285714286
1764182175,50,,Aggregated,9.700000,0.900000,360,440,890,5100,5400,10000,10000,10000,10000,11000,11000,2806,200,360.0,1765.283269206701,1.9753000233322382,11113.704100018367,324.49964362081255
1764182176,50,,Aggregated,9.300000,1.400000,360,440,900,5100,5400,10000,10000,10000,10000,11000,11000,2813,200,360.0,1769.4229715940114,1.9753000233322382,11113.704100018367,324.3423391397085
1764182177,50,,Aggregated,8.900000,1.700000,370,440,1100,5300,5500,10000,10000,10000,10000,11000,11000,2841,200,370.0,1789.2988288961285,1.9753000233322382,11113.704100018367,325.01619148187257
1764182178,50,,Aggregated,8.400000,1.800000,370,440,1200,5300,5500,10000,10000,10000,11000,11000,11000,2850,202,370.0,1793.0839236469515,1.9753000233322382,11113.704100018367,324.5129824561404
1764182179,50,,Aggregated,10.100000,1.800000,370,440,1100,5300,5500,10000,10000,10000,11000,11000,11000,2864,202,370.0,1785.0684201794088,1.9753000233322382,11113.704100018367,323.94692737430165
1764182180,50,,Aggregated,10.200000,2.000000,360,440,1000,5200,5500,10000,10000,10000,11000,11000,11000,2872,202,360.0,1780.6881188348839,1.9753000233322382,11113.704100018367,323.8272980501393
1764182181,50,,Aggregated,11.000000,2.000000,360,440,1000,5300,5500,10000,10000,10000,11000,11000,11000,2885,203,360.0,1782.7028851278217,1.9753000233322382,11113.704100018367,323.86100519930676
1764182182,50,,Aggregated,10.800000,1.500000,370,440,1100,5300,5500,10000,10000,10000,11000,11000,11000,2899,204,370.0,1792.5239665035888,1.9753000233322382,11113.704100018367,324.0541566057261
1764182183,50,,Aggregated,10.000000,1.400000,370,440,1100,5300,5500,10000,10000,10000,11000,11000,11000,2908,204,370.0,1791.365548622432,1.9753000233322382,11113.704100018367,324.09491059147183
1764182184,50,,Aggregated,10.800000,1.300000,370,440,1100,5300,5500,10000,10000,10000,11000,11000,11000,2928,205,370.0,1793.5347273885216,1.9753000233322382,11278.80709990859,323.7254098360656
1764182185,50,,Aggregated,11.100000,1.300000,370,440,1100,5300,5500,10000,10000,10000,11000,12000,12000,2947,206,370.0,1794.7618685759767,1.9753000233322382,11852.130900137126,323.8279606379369
1764182186,50,,Aggregated,11.900000,0.900000,370,440,1200,5300,5500,10000,10000,10000,11000,12000,12000,2975,206,370.0,1795.689830182574,1.9753000233322382,11852.130900137126,324.1052100840336
1764182187,50,,Aggregated,13.900000,0.700000,360,440,1100,5300,5500,10000,10000,10000,11000,12000,12000,2992,206,360.0,1786.7426199509039,1.9753000233322382,11852.130900137126,323.9064171122995
1764182188,50,,Aggregated,15.600000,0.600000,360,440,1000,5300,5500,10000,10000,10000,11000,12000,12000,3014,206,360.0,1776.0768333421686,1.9753000233322382,11852.130900137126,324.2342402123424
1764182189,50,,Aggregated,15.200000,0.600000,360,440,940,5100,5500,10000,10000,10000,11000,12000,12000,3038,206,360.0,1764.7637185626684,1.9753000233322382,11852.130900137126,324.86175115207374
1764182190,50,,Aggregated,16.300000,0.400000,360,440,890,4900,5500,10000,10000,10000,11000,12000,12000,3056,206,360.0,1755.6605159336425,1.9753000233322382,11852.130900137126,324.5732984293194
1764182191,50,,Aggregated,16.800000,0.400000,360,440,860,4900,5500,10000,10000,10000,11000,12000,12000,3075,206,360.0,1746.1255424367491,1.9753000233322382,11852.130900137126,324.3190243902439
1764182192,50,,Aggregated,17.700000,0.400000,360,440,820,4800,5400,10000,10000,10000,11000,12000,12000,3088,206,360.0,1739.799234842163,1.9753000233322382,11852.130900137126,324.24093264248705
1764182193,50,,Aggregated,19.000000,0.300000,360,440,750,4500,5400,10000,10000,10000,11000,12000,12000,3102,206,360.0,1733.403812312094,1.9753000233322382,11852.130900137126,324.1940683430045
1764182194,50,,Aggregated,18.800000,0.200000,360,440,700,4400,5400,10000,10000,10000,11000,12000,12000,3111,206,360.0,1729.1517064583193,1.9753000233322382,11852.130900137126,324.1134683381549
1764182195,50,,Aggregated,19.500000,0.200000,360,430,690,4400,5400,10000,10000,10000,11000,12000,12000,3121,206,360.0,1726.053061003587,1.9753000233322382,11852.130900137126,324.063761614867
1764182196,50,,Aggregated,18.900000,0.100000,360,430,700,4400,5400,10000,10000,10000,11000,12000,12000,3132,206,360.0,1725.644532053706,1.9753000233322382,11852.130900137126,324.04469987228606
1764182197,50,,Aggregated,17.300000,0.000000,360,430,690,4400,5400,10000,10000,10000,11000,12000,12000,3140,206,360.0,1723.1785720993562,1.9753000233322382,11852.130900137126,323.70063694267515
1764182198,50,,Aggregated,16.400000,0.000000,360,430,700,4500,5400,10000,10000,10000,11000,12000,12000,3150,206,360.0,1725.1525064736663,1.9753000233322382,11852.130900137126,323.8863492063492
1764182199,50,,Aggregated,14.900000,0.000000,360,430,780,4800,5400,10000,10000,10000,11000,12000,12000,3164,208,360.0,1733.0773420015664,1.9753000233322382,11852.130900137126,324.16814159292034
1764182200,50,,Aggregated,13.400000,0.000000,360,430,780,4800,5400,10000,10000,10000,11000,12000,12000,3173,209,360.0,1735.2518701523466,1.9753000233322382,11852.130900137126,324.1938228805547
1764182201,50,,Aggregated,12.800000,0.000000,360,430,780,4800,5400,10000,10000,10000,11000,12000,12000,3184,209,360.0,1733.4941717001595,1.9753000233322382,11852.130900137126,324.29020100502515
1764182202,50,,Aggregated,11.600000,0.200000,360,430,780,4800,5400,10000,10000,10000,11000,12000,12000,3192,210,360.0,1734.5125031308708,1.9753000233322382,11852.130900137126,324.2857142857143
1764182203,50,,Aggregated,11.300000,0.300000,360,440,850,5000,5400,10000,10000,10000,11000,12000,12000,3206,216,360.0,1751.6142525558382,1.9753000233322382,11852.130900137126,324.5171553337492
1764182204,50,,Aggregated,10.100000,0.300000,360,440,860,5100,5500,10000,10000,10000,11000,12000,12000,3219,219,360.0,1756.4128396998478,1.9753000233322382,11852.130900137126,324.52221186703946
1764182205,50,,Aggregated,10.000000,0.700000,360,440,860,5100,5500,10000,10000,10000,11000,12000,12000,3227,220,360.0,1757.0765431960833,1.9753000233322382,11852.130900137126,324.28912302448094
1764182206,50,,Aggregated,10.400000,1.100000,360,430,860,5200,5500,10000,10000,10000,11000,12000,12000,3239,222,360.0,1759.094463350992,1.9753000233322382,11852.130900137126,324.16332201296694
1764182207,50,,Aggregated,10.500000,1.400000,360,430,860,5300,5500,10000,10000,10000,11000,12000,12000,3250,222,360.0,1758.477698582511,1.9753000233322382,11852.130900137126,324.03138461538464
1764182208,50,,Aggregated,10.300000,1.500000,360,430,860,5300,5400,10000,10000,10000,11000,12000,12000,3260,222,360.0,1756.8863077585563,1.9753000233322382,11852.130900137126,323.9840490797546
1764182209,50,,Aggregated,10.600000,1.600000,360,430,870,5300,5400,10000,10000,10000,11000,12000,12000,3271,222,360.0,1759.7280476898302,1.9753000233322382,11852.130900137126,324.19107306634055
1764182210,50,,Aggregated,10.900000,1.600000,360,430,880,5300,5400,10000,10000,10000,11000,12000,12000,3289,224,360.0,1763.8395376387089,1.9753000233322382,11852.130900137126,324.4642748555792
1764182211,50,,Aggregated,10.500000,1.600000,360,430,890,5300,5500,10000,10000,10000,11000,12000,12000,3304,226,360.0,1766.019220125256,1.9753000233322382,11852.130900137126,324.42615012106535
1764182212,50,,Aggregated,11.600000,1.500000,360,440,900,5300,5500,10000,10000,10000,11000,12000,12000,3330,228,360.0,1771.7502972654377,1.9753000233322382,11852.130900137126,324.9219219219219
1764182213,50,,Aggregated,11.700000,1.600000,360,440,870,5300,5500,10000,10000,10000,11000,12000,12000,3349,229,360.0,1766.5469925931275,1.9753000233322382,11852.130900137126,325.005374738728
1764182214,50,,Aggregated,13.100000,1.900000,360,440,860,5300,5500,10000,10000,10000,11000,12000,12000,3367,230,360.0,1763.2504522703357,1.9753000233322382,11852.130900137126,324.95069795069793
1764182215,50,,Aggregated,13.900000,1.500000,370,440,750,5200,5400,10000,10000,10000,11000,12000,12000,3396,230,370.0,1751.2361858053396,1.9753000233322382,11852.130900137126,325.10365135453475
1764182216,50,,Aggregated,14.600000,1.300000,360,440,690,5000,5400,10000,10000,10000,11000,12000,12000,3413,230,360.0,1743.721683532092,1.9753000233322382,11852.130900137126,325.14005273952534
1764182217,50,,Aggregated,15.100000,1.000000,360,440,660,4900,5400,10000,10000,10000,11000,12000,12000,3435,230,360.0,1734.0042675968689,1.9753000233322382,11852.130900137126,324.884133915575
1764182218,50,,Aggregated,17.200000,0.900000,360,430,660,4800,5400,10000,10000,10000,11000,12000,12000,3443,230,360.0,1730.3795083053328,1.9753000233322382,11852.130900137126,324.6752831832704
1764182219,50,,Aggregated,18.300000,0.800000,360,430,650,4800,5400,10000,10000,10000,11000,12000,12000,3452,230,360.0,1726.2886328492389,1.9753000233322382,11852.130900137126,324.38818076477406
1764182220,50,,Aggregated,18.700000,0.800000,360,430,650,4700,5400,10000,10000,10000,11000,12000,12000,3459,230,360.0,1723.4981244854143,1.9753000233322382,11852.130900137126,324.0477016478751
1764182221,50,,Aggregated,18.600000,0.800000,360,430,650,4700,5400,10000,10000,10000,11000,12000,12000,3461,230,360.0,1722.5070578142747,1.9753000233322382,11852.130900137126,323.8899162091881
1764182222,50,,Aggregated,17.400000,0.700000,360,440,700,4700,5400,10000,10000,10000,11000,12000,12000,3480,230,360.0,1727.2156535044992,1.9753000233322382,11852.130900137126,324.3034482758621
1764182223,50,,Aggregated,16.100000,0.500000,360,440,810,4900,5400,10000,10000,10000,11000,12000,12000,3492,230,360.0,1733.8024979654751,1.9753000233322382,11852.130900137126,324.41809851088203
1764182224,50,,Aggregated,15.200000,0.200000,360,440,790,4900,5400,10000,10000,10000,11000,12000,12000,3502,230,360.0,1732.6498463150722,1.9753000233322382,11852.130900137126,324.478012564249
1764182225,50,,Aggregated,14.700000,0.200000,360,440,740,4800,5400,10000,10000,10000,11000,12000,12000,3517,230,360.0,1728.071159054651,1.9753000233322382,11852.130900137126,324.3579755473415
1764182226,50,,Aggregated,14.000000,0.000000,360,440,700,4800,5400,10000,10000,10000,11000,12000,12000,3522,230,360.0,1726.1342989196996,1.9753000233322382,11852.130900137126,324.4923339011925
1764182227,50,,Aggregated,13.100000,0.000000,370,440,820,5000,5400,10000,10000,10000,11000,12000,12000,3541,232,370.0,1740.9348713907507,1.9753000233322382,11852.130900137126,324.6673256142333
1764182228,50,,Aggregated,11.400000,0.000000,360,440,820,5000,5400,10000,10000,10000,11000,12000,12000,3550,232,360.0,1739.9491937449334,1.9753000233322382,11852.130900137126,324.5954929577465
1764182229,50,,Aggregated,10.500000,0.000000,370,440,820,5000,5400,10000,10000,10000,11000,12000,12000,3564,232,370.0,1738.6969503072899,1.9753000233322382,11852.130900137126,324.65656565656565
1764182230,50,,Aggregated,10.500000,0.200000,370,440,820,5100,5400,10000,10000,10000,11000,12000,12000,3577,233,370.0,1740.853452752351,1.9753000233322382,11852.130900137126,324.78361755661166
1764182231,50,,Aggregated,10.200000,0.200000,370,440,810,5000,5400,10000,10000,10000,11000,12000,12000,3586,233,370.0,1738.7131072211505,1.9753000233322382,11852.130900137126,324.8148354712772
1764182232,50,,Aggregated,11.300000,0.300000,370,440,850,5200,5400,10000,10000,10000,12000,12000,12000,3596,236,370.0,1747.4196162945007,1.9753000233322382,12160.161399981007,324.94438264738596
1764182233,50,,Aggregated,12.000000,0.300000,370,440,840,5300,5400,10000,10000,10000,12000,12000,12000,3610,237,370.0,1747.6532695551177,1.9753000233322382,12160.161399981007,325.1972299168975
1764182234,50,,Aggregated,12.000000,0.500000,370,440,820,5200,5400,10000,10000,10000,12000,12000,12000,3619,237,370.0,1745.2447302831204,1.9753000233322382,12160.161399981007,325.02376347057196
1764182235,50,,Aggregated,11.500000,0.600000,370,440,840,5300,5400,10000,10000,10000,12000,12000,12000,3637,238,370.0,1747.6753218021117,1.9753000233322382,12160.161399981007,325.0742370085235
1764182236,50,,Aggregated,11.200000,0.700000,370,440,870,5300,5400,10000,10000,10000,12000,12000,12000,3648,241,370.0,1754.2807980247298,1.9753000233322382,12160.161399981007,325.2269736842105
1764182237,50,,Aggregated,11.700000,0.700000,370,440,870,5300,5400,10000,10000,10000,12000,12000,12000,3661,243,370.0,1757.0541630413463,1.9753000233322382,12160.161399981007,325.1382136028408
1764182238,50,,Aggregated,12.000000,0.800000,370,440,850,5300,5400,10000,10000,10000,12000,12000,12000,3677,243,370.0,1753.376723305447,1.9753000233322382,12160.161399981007,325.14631493064996
1764182239,50,,Aggregated,12.000000,1.100000,370,440,840,5300,5400,10000,10000,10000,12000,12000,12000,3691,243,370.0,1750.6261917622294,1.9753000233322382,12160.161399981007,325.203196965592
1764182240,50,,Aggregated,11.900000,1.100000,370,440,850,5300,5400,10000,10000,10000,12000,12000,12000,3708,244,370.0,1752.0690475981844,1.9753000233322382,12160.161399981007,325.4250269687163
1764182241,50,,Aggregated,12.800000,1.100000,370,440,850,5300,5400,10000,10000,10000,12000,12000,12000,3726,244,370.0,1751.8592448186498,1.9753000233322382,12160.161399981007,325.58078368223295
1764182242,50,,Aggregated,12.500000,1.000000,370,440,870,5300,5400,10000,10000,10000,12000,12000,12000,3755,248,370.0,1758.094357894535,1.9753000233322382,12160.161399981007,325.87190412782957
1764182243,50,,Aggregated,13.000000,1.100000,370,440,810,5300,5400,10000,10000,10000,12000,12000,12000,3773,248,370.0,1751.3469482096702,1.9753000233322382,12160.161399981007,325.92605353829845
1764182244,50,,Aggregated,14.400000,1.000000,370,440,700,5300,5400,10000,10000,10000,12000,12000,12000,3794,248,370.0,1743.1614403783515,1.9753000233322382,12160.161399981007,325.76225619399054
1764182245,50,,Aggregated,15.800000,1.200000,370,440,680,5100,5400,10000,10000,10000,12000,12000,12000,3816,248,370.0,1734.9767460680223,1.9753000233322382,12160.161399981007,326.0104821802935
1764182246,50,,Aggregated,16.400000,1.100000,370,440,660,5000,5400,10000,10000,10000,12000,12000,12000,3825,248,370.0,1731.3144194237352,1.9753000233322382,12160.161399981007,325.74823529411765
1764182247,50,,Aggregated,17.700000,1.100000,370,440,650,4900,5400,10000,10000,10000,12000,12000,12000,3846,248,370.0,1723.70616136142,1.9753000233322382,12160.161399981007,325.8746749869995
1764182248,50,,Aggregated,18.200000,1.000000,370,440,650,4800,5400,10000,10000,10000,12000,12000,12000,3851,248,370.0,1721.7333617231293,1.9753000233322382,12160.161399981007,325.8044663723708
1764182249,50,,Aggregated,18.000000,0.700000,370,440,640,4800,5400,10000,10000,10000,12000,12000,12000,3858,248,370.0,1719.1933641512433,1.9753000233322382,12160.161399981007,325.8781752203214
1764182250,50,,Aggregated,18.300000,0.500000,370,440,640,4800,5400,10000,10000,10000,12000,12000,12000,3868,248,370.0,1718.0785208106456,1.9753000233322382,12160.161399981007,325.928645294726
1764182251,50,,Aggregated,17.300000,0.500000,370,440,640,4800,5400,10000,10000,10000,12000,12000,12000,3876,248,370.0,1717.8533802362676,1.9753000233322382,12160.161399981007,326.02579979360166
1764182252,50,,Aggregated,16.900000,0.500000,370,440,650,4900,5400,10000,10000,10000,12000,12000,12000,3890,248,370.0,1722.2788237007144,1.9753000233322382,12160.161399981007,326.360411311054
1764182253,50,,Aggregated,15.900000,0.400000,370,440,660,5000,5400,10000,10000,10000,12000,12000,12000,3897,248,370.0,1723.4567560676498,1.9753000233322382,12160.161399981007,326.24352065691556
